mean_fit_time,std_fit_time,mean_score_time,std_score_time,param_subsample,param_min_child_weight,param_max_depth,param_gamma,param_colsample_bytree,params,split0_test_score,split1_test_score,split2_test_score,split3_test_score,mean_test_score,std_test_score,rank_test_score
19.961423814296722,0.45413374464217426,0.08232539892196655,0.0032721416874141205,1.0,5,3,5,1.0,"{'subsample': 1.0, 'min_child_weight': 5, 'max_depth': 3, 'gamma': 5, 'colsample_bytree': 1.0}",0.7416661538320067,0.7353420011775263,0.7354477879199467,0.7293731658952225,0.7354572772061756,0.004346836148516354,5
33.120849430561066,0.15334230480188932,0.14438092708587646,0.0020482870690548276,0.6,1,5,1.5,0.8,"{'subsample': 0.6, 'min_child_weight': 1, 'max_depth': 5, 'gamma': 1.5, 'colsample_bytree': 0.8}",0.7410132858365913,0.737493784675002,0.7380984252685555,0.7284415867029933,0.7362617706207856,0.004706998307814975,3
29.326317131519318,0.05630233733800456,0.1411283016204834,0.003608563156077346,0.8,5,5,1,0.8,"{'subsample': 0.8, 'min_child_weight': 5, 'max_depth': 5, 'gamma': 1, 'colsample_bytree': 0.8}",0.7413195011804629,0.7369699468452289,0.7389268600277197,0.7273923303762431,0.7361521596074136,0.005286864985050525,4
21.692610025405884,0.11323618237761561,0.1618971824645996,0.00630583073988408,1.0,5,5,5,0.6,"{'subsample': 1.0, 'min_child_weight': 5, 'max_depth': 5, 'gamma': 5, 'colsample_bytree': 0.6}",0.7420047661792262,0.7369054461864918,0.7383669499568313,0.7301771592928463,0.7368635804038489,0.00428374518404145,2
27.91938054561615,0.09473290985939181,0.10509538650512695,0.004953856299636816,0.8,1,4,1,1.0,"{'subsample': 0.8, 'min_child_weight': 1, 'max_depth': 4, 'gamma': 1, 'colsample_bytree': 1.0}",0.7424779887827144,0.7377246800470066,0.7381767744593623,0.730275349395869,0.7371636981712381,0.004388395429563472,1
